Sample,X(ms) [09.03.2026 23:20:33 132 UTC],"Pallet sensor (front)[%I2.2]","Pallet Loading sensor[%I2.0]","MEDSM_Load Sensor[%I2.1]","Pallet Belt +[%Q5.2]"
3,1773098433325.951000,0,0,0,0
4,1773098433391.937600,0,0,0,0
5,1773098433455.322100,0,0,0,0
6,1773098433518.181400,0,0,0,0
7,1773098433583.239500,0,0,0,0
8,1773098433647.682500,1,1,1,0
9,1773098433711.868600,1,1,1,0
10,1773098433776.980300,0,0,0,0
11,1773098433842.669100,0,0,0,0
12,1773098433906.771400,0,0,0,0
13,1773098433970.379600,0,0,0,0
14,1773098434035.080700,0,0,0,0
15,1773098434099.652700,0,0,0,0
16,1773098434164.191700,0,0,0,0
17,1773098434230.391800,0,0,0,0
18,1773098434293.009500,0,0,0,0
19,1773098434357.924200,0,0,0,0
20,1773098434422.210900,0,0,0,0
21,1773098434486.154300,0,0,0,0
22,1773098434550.697500,0,0,0,0
23,1773098434615.307000,0,0,0,0
24,1773098434681.474500,0,0,0,0
25,1773098434744.152100,0,0,0,0
26,1773098434810.915000,1,1,1,0
27,1773098434874.413500,1,1,1,0
28,1773098434938.476000,0,0,0,0
29,1773098435002.734800,0,0,0,0
30,1773098435066.614900,0,0,0,0
31,1773098435131.488100,0,0,0,0
32,1773098435196.089600,0,0,0,0
33,1773098435262.167100,0,0,0,0
34,1773098435325.293200,0,0,0,0
35,1773098435391.181200,0,0,0,0
36,1773098435455.594200,0,0,0,0
37,1773098435518.243100,0,0,0,0
38,1773098435582.644900,0,0,0,0
39,1773098435647.253000,0,0,0,0
40,1773098435711.757600,0,0,0,0
41,1773098435778.139600,0,0,0,0
42,1773098435840.865000,0,0,0,0
43,1773098435904.989400,1,1,1,0
44,1773098435969.518700,1,1,1,0
45,1773098436033.640600,1,1,1,0
46,1773098436098.077000,0,0,0,0
47,1773098436163.140600,0,0,0,0
48,1773098436229.666800,0,0,0,0
49,1773098436291.001000,0,0,0,0
50,1773098436355.556000,0,0,0,0
51,1773098436420.384000,0,0,0,0
52,1773098436484.895600,0,0,0,0
53,1773098436549.058300,0,0,0,0
54,1773098436614.906500,0,0,0,0
55,1773098436678.824500,0,0,0,0
56,1773098436742.964500,0,0,0,0
57,1773098436808.986400,0,0,0,0
58,1773098436872.023500,0,0,0,0
59,1773098436935.960100,0,0,0,0
60,1773098437000.504500,0,0,0,0
61,1773098437065.079400,0,0,0,0
62,1773098437129.494400,1,1,1,0
63,1773098437194.098700,1,1,1,0
64,1773098437259.665600,1,1,1,0
65,1773098437322.290300,0,0,0,0
66,1773098437386.794800,0,0,0,0
67,1773098437451.533200,0,0,0,0
68,1773098437515.814200,0,0,0,0
69,1773098437583.049700,0,0,0,0
70,1773098437645.783700,0,0,0,0
71,1773098437708.955700,0,0,0,0
72,1773098437773.185800,0,0,0,0
73,1773098437838.089500,0,0,0,0
74,1773098437902.428800,0,0,0,0
75,1773098437968.988200,0,0,0,0
76,1773098438032.626400,0,0,0,0
77,1773098438097.732400,0,0,0,0
78,1773098438160.851200,1,1,1,0
79,1773098438224.497500,0,0,0,0
80,1773098438289.139000,0,0,0,0
81,1773098438353.880400,0,0,0,0
82,1773098438418.443800,0,0,0,0
83,1773098438485.221300,0,0,0,0
84,1773098438547.420200,0,0,0,0
85,1773098438612.901500,0,0,0,0
86,1773098438675.921200,0,0,0,0
87,1773098438740.155600,0,0,0,0
88,1773098438804.773900,0,0,0,0
89,1773098438870.175600,0,0,0,0
90,1773098438935.051300,0,0,0,0
91,1773098438999.896300,0,0,0,0
92,1773098439062.629900,0,0,0,0
93,1773098439128.332000,0,0,0,0
94,1773098439191.517000,1,1,1,0
95,1773098439257.491800,1,1,1,0
96,1773098439320.695800,0,0,0,0
97,1773098439384.933400,0,0,0,0
98,1773098439451.960500,0,0,0,0
99,1773098439513.813400,0,0,0,0
100,1773098439578.747000,0,0,0,0
101,1773098439643.074400,0,0,0,0
102,1773098439706.853200,0,0,0,0
103,1773098439771.580600,0,0,0,0
104,1773098439836.246000,0,0,0,0
105,1773098439902.364800,0,0,0,0
106,1773098439964.754300,0,0,0,0
107,1773098440031.371400,0,0,0,0
108,1773098440094.189800,0,0,0,0
109,1773098440158.882900,0,0,0,0
110,1773098440223.407600,1,1,1,0
111,1773098440288.207800,1,1,1,0
112,1773098440352.893400,0,0,0,0
113,1773098440417.224500,0,0,0,0
114,1773098440484.908300,0,0,0,0
115,1773098440547.757000,0,0,0,0
116,1773098440610.728300,0,0,0,0
117,1773098440675.013000,0,0,0,0
118,1773098440739.132500,0,0,0,0
119,1773098440803.600500,0,0,0,0
120,1773098440868.835400,0,0,0,0
121,1773098440934.778100,0,0,0,0
122,1773098440999.870700,0,0,0,0
123,1773098441062.599100,0,0,0,0
124,1773098441125.689300,0,0,0,0
125,1773098441190.670600,0,0,0,0
126,1773098441254.818400,0,0,0,0
127,1773098441319.360700,1,1,1,0
128,1773098441386.094900,1,1,1,0
129,1773098441448.333100,1,1,1,0
130,1773098441515.350800,1,1,1,0
131,1773098441576.810600,0,0,0,0
132,1773098441641.514500,0,0,0,0
133,1773098441706.122800,0,0,0,0
134,1773098441770.730800,0,0,0,0
135,1773098441835.204100,0,0,0,0
136,1773098441899.182200,0,0,0,0
137,1773098441964.759600,0,0,0,0
138,1773098442027.553900,0,0,0,0
139,1773098442092.375500,0,0,0,0
140,1773098442157.010200,0,0,0,0
141,1773098442221.157200,0,0,0,0
142,1773098442285.237100,0,0,0,0
143,1773098442349.954500,1,1,1,0
144,1773098442414.539400,1,1,1,0
145,1773098442478.578300,1,1,1,0
146,1773098442542.685200,0,0,0,0
147,1773098442607.955500,0,0,0,0
148,1773098442672.943700,0,0,0,0
149,1773098442736.986500,0,0,0,0
150,1773098442801.145700,0,0,0,0
151,1773098442865.203300,0,0,0,0
152,1773098442929.358500,0,0,0,0
153,1773098442993.881500,0,0,0,0
154,1773098443059.823000,0,0,0,0
155,1773098443122.742200,0,0,0,0
156,1773098443188.144500,0,0,0,0
157,1773098443255.093100,0,0,0,0
158,1773098443316.799700,0,0,0,0
159,1773098443381.284100,0,0,0,0
160,1773098443445.296100,1,1,1,0
161,1773098443509.639600,1,1,1,0
162,1773098443574.533000,1,1,1,0
163,1773098443638.919800,0,0,0,0
164,1773098443704.991500,0,0,0,0
165,1773098443768.570300,0,0,0,0
166,1773098443832.860000,0,0,0,0
167,1773098443896.450600,0,0,0,0
168,1773098443960.928700,0,0,0,0
169,1773098444025.630200,0,0,0,0
170,1773098444090.867500,0,0,0,0
171,1773098444155.024200,0,0,0,0
172,1773098444222.179000,0,0,0,0
173,1773098444283.944200,0,0,0,0
174,1773098444348.135600,0,0,0,0
175,1773098444412.284900,0,0,0,0
176,1773098444476.868100,0,0,0,0
177,1773098444542.031300,1,0,1,0
178,1773098444608.612200,1,0,1,0
179,1773098444672.758500,1,0,1,0
180,1773098444735.171700,0,0,0,0
181,1773098444799.756600,0,0,0,0
182,1773098444863.639700,0,0,0,0
183,1773098444927.984900,0,0,0,0
184,1773098444992.947300,0,0,0,0
185,1773098445057.571300,0,0,0,0
186,1773098445125.348500,0,0,0,0
187,1773098445186.085000,0,0,0,0
188,1773098445250.686000,0,0,0,0
189,1773098445314.707800,0,0,0,0
190,1773098445379.269800,0,0,0,0
191,1773098445443.527600,0,0,0,0
192,1773098445511.303100,0,0,0,0
193,1773098445577.494400,0,0,0,0
194,1773098445637.399600,1,0,1,0
195,1773098445702.820900,1,0,1,0
196,1773098445765.906500,0,0,0,0
197,1773098445830.179400,0,0,0,0
198,1773098445894.682400,0,0,0,0
199,1773098445959.748900,0,0,0,0
200,1773098446023.642700,0,0,0,0
201,1773098446088.066500,0,0,0,0
202,1773098446154.192600,0,0,0,0
203,1773098446216.601100,0,0,0,0
204,1773098446281.480100,0,0,0,0
205,1773098446345.997400,0,0,0,0
206,1773098446410.349900,0,0,0,0
207,1773098446474.818100,0,0,0,0
208,1773098446540.024600,0,0,0,0
209,1773098446607.001100,0,0,0,0
210,1773098446669.200400,0,0,0,0
211,1773098446732.438000,0,0,0,0
212,1773098446797.037700,1,0,1,0
213,1773098446861.388700,1,0,1,0
214,1773098446925.999900,1,0,1,0
215,1773098446992.871200,1,0,1,0
216,1773098447055.195600,0,0,0,0
217,1773098447119.559900,0,0,0,0
218,1773098447184.964300,0,0,0,0
219,1773098447247.855500,0,0,0,0
220,1773098447312.497900,0,0,0,0
221,1773098447377.649800,0,0,0,0
222,1773098447442.281600,0,0,0,0
223,1773098447509.643700,0,0,0,0
224,1773098447571.706800,0,0,0,0
225,1773098447635.431600,0,0,0,0
226,1773098447700.034700,0,0,0,0
227,1773098447764.529800,0,0,0,0
228,1773098447829.712800,0,0,0,0
229,1773098447894.018000,0,0,0,0
230,1773098447960.004600,0,0,0,0
231,1773098448022.377300,0,0,0,0
232,1773098448087.235400,0,0,0,0
233,1773098448151.564500,0,0,0,0
234,1773098448215.654100,0,0,0,0
235,1773098448280.384300,1,1,1,0
236,1773098448347.908200,1,1,1,0
237,1773098448409.219700,0,0,0,0
238,1773098448474.819700,0,0,0,0
239,1773098448538.053600,0,0,0,0
240,1773098448602.805800,0,0,0,0
241,1773098448666.544300,0,0,0,0
242,1773098448731.322000,0,0,0,0
243,1773098448798.212900,0,0,0,0
244,1773098448860.145000,0,0,0,0
245,1773098448924.682300,0,0,0,0
246,1773098448989.079700,0,0,0,0
247,1773098449053.875000,0,0,0,0
248,1773098449118.901600,0,0,0,0
249,1773098449182.955400,0,0,0,0
250,1773098449251.277200,0,0,0,0
251,1773098449311.586500,0,0,0,0
252,1773098449376.339700,0,0,0,0
253,1773098449441.185900,0,0,0,0
254,1773098449505.645000,1,1,1,0
255,1773098449570.174400,1,1,1,0
256,1773098449634.408300,1,1,1,0
257,1773098449698.858400,0,0,0,0
258,1773098449763.339800,0,0,0,0
259,1773098449830.272800,0,0,0,0
260,1773098449892.502200,0,0,0,0
261,1773098449956.867800,0,0,0,0
262,1773098450021.356500,0,0,0,0
263,1773098450086.752900,0,0,0,0
264,1773098450150.468200,0,0,0,0
265,1773098450214.988000,0,0,0,0
266,1773098450281.462900,0,0,0,0
267,1773098450343.807700,0,0,0,0
268,1773098450408.286900,0,0,0,0
269,1773098450475.324600,0,0,0,0
270,1773098450538.568600,0,0,0,0
271,1773098450602.976700,0,0,0,0
272,1773098450666.656000,0,0,0,0
273,1773098450731.524300,0,0,0,0
274,1773098450795.554500,0,0,0,0
275,1773098450863.207800,0,0,0,0
276,1773098450924.294000,0,0,0,0
277,1773098450988.807300,1,1,1,0
278,1773098451053.474800,1,1,1,0
279,1773098451119.601700,1,1,1,0
280,1773098451186.777400,1,1,1,0
281,1773098451249.848000,0,0,0,0
282,1773098451312.014400,0,0,0,0
283,1773098451377.656200,0,0,0,0
284,1773098451440.570000,0,0,0,0
285,1773098451504.712300,0,0,0,0
286,1773098451569.264200,0,0,0,0
287,1773098451634.375800,0,0,0,0
288,1773098451702.091400,0,0,0,0
289,1773098451763.450600,0,0,0,0
290,1773098451828.666600,0,0,0,0
291,1773098451892.067800,0,0,0,0
292,1773098451956.694800,1,1,1,0
293,1773098452021.726200,1,1,1,0
294,1773098452086.333200,1,1,1,0
295,1773098452150.372100,0,0,0,0
296,1773098452216.317700,0,0,0,0
297,1773098452279.450600,0,0,0,0
298,1773098452343.680100,0,0,0,0
299,1773098452408.115300,0,0,0,0
300,1773098452472.436200,0,0,0,0
301,1773098452536.809300,0,0,0,0
302,1773098452603.085900,0,0,0,0
303,1773098452666.556600,0,0,0,0
304,1773098452732.601500,0,0,0,0
305,1773098452796.135500,0,0,0,0
306,1773098452859.474700,0,0,0,0
307,1773098452923.569000,0,0,0,0
308,1773098452988.555500,0,0,0,0
309,1773098453052.830100,0,0,0,0
310,1773098453117.530200,0,0,0,0
311,1773098453181.576600,0,0,0,0
312,1773098453246.269000,0,0,0,0
313,1773098453310.589700,1,1,1,0
314,1773098453379.345900,1,1,1,0
315,1773098453440.176300,0,0,0,0
316,1773098453504.575900,0,0,0,0
317,1773098453568.679800,0,0,0,0
318,1773098453633.489200,0,0,0,0
319,1773098453698.016200,0,0,0,0
320,1773098453762.233100,0,0,0,0
321,1773098453828.561800,0,0,0,0
322,1773098453891.618500,0,0,0,0
323,1773098453956.127200,0,0,0,0
324,1773098454020.106700,0,0,0,0
325,1773098454083.943500,0,0,0,0
326,1773098454148.654000,0,0,0,0
327,1773098454215.482000,0,0,0,0
328,1773098454278.162800,0,0,0,0
329,1773098454342.829100,0,0,0,0
330,1773098454406.820300,1,1,1,0
331,1773098454470.992100,1,1,1,0
332,1773098454534.743900,0,0,0,0
333,1773098454600.782500,0,0,0,0
334,1773098454664.465400,0,0,0,0
335,1773098454728.811500,0,0,0,0
336,1773098454793.201800,0,0,0,0
337,1773098454862.080400,0,0,0,0
338,1773098454922.316900,0,0,0,0
339,1773098454986.685600,0,0,0,0
340,1773098455050.835200,0,0,0,0
341,1773098455115.543800,0,0,0,0
342,1773098455181.125100,0,0,0,0
343,1773098455244.825500,0,0,0,0
344,1773098455309.461500,0,0,0,0
345,1773098455374.579100,0,0,0,0
346,1773098455441.958200,0,0,0,0
347,1773098455506.134700,0,0,0,0
348,1773098455567.654500,0,0,0,0
349,1773098455633.259500,0,0,0,0
350,1773098455697.001400,1,1,1,0
351,1773098455761.225300,1,1,1,0
352,1773098455825.705600,1,1,1,0
353,1773098455890.702700,0,0,0,0
354,1773098455955.259900,0,0,0,0
355,1773098456019.826800,0,0,0,0
356,1773098456085.840200,0,0,0,0
357,1773098456148.190000,0,0,0,0
358,1773098456213.347200,0,0,0,0
359,1773098456277.940000,0,0,0,0
360,1773098456343.804100,0,0,0,0
361,1773098456407.592100,0,0,0,0
362,1773098456471.664200,0,0,0,0
363,1773098456536.039100,0,0,0,0
364,1773098456604.009400,0,0,0,0
365,1773098456665.088700,0,0,0,0
366,1773098456729.381400,0,0,0,0
367,1773098456793.768400,0,0,0,0
368,1773098456859.080300,0,0,0,0
369,1773098456923.500900,1,1,1,0
370,1773098456989.274900,1,1,1,0
371,1773098457051.320400,0,0,0,0
372,1773098457116.033900,0,0,0,0
373,1773098457180.619400,0,0,0,0
374,1773098457244.977300,0,0,0,0
375,1773098457309.914500,0,0,0,0
376,1773098457375.002800,0,0,0,0
377,1773098457439.316500,0,0,0,0
378,1773098457506.553000,0,0,0,0
379,1773098457568.030300,0,0,0,0
380,1773098457634.358000,0,0,0,0
381,1773098457696.926400,0,0,0,0
382,1773098457760.965800,0,0,0,0
383,1773098457826.724000,0,0,0,0
384,1773098457892.614700,0,0,0,0
385,1773098457954.590300,0,0,0,0
386,1773098458018.880400,1,1,1,0
387,1773098458083.355300,1,1,1,0
388,1773098458148.093500,0,0,0,0
389,1773098458212.216900,0,0,0,0
390,1773098458277.440800,0,0,0,0
391,1773098458342.182100,0,0,0,0
392,1773098458408.893800,0,0,0,0
393,1773098458470.251800,0,0,0,0
394,1773098458534.685500,0,0,0,0
395,1773098458600.299900,0,0,0,0
396,1773098458664.105400,0,0,0,0
397,1773098458728.440400,0,0,0,0
398,1773098458793.218100,0,0,0,0
399,1773098458857.337800,0,0,0,0
400,1773098458924.464700,0,0,0,0
401,1773098458985.805200,0,0,0,0
402,1773098459050.366300,0,0,0,0
403,1773098459115.115300,0,0,0,0
404,1773098459179.717000,1,1,1,0
405,1773098459246.985600,1,1,1,0
406,1773098459308.541200,0,0,0,0
407,1773098459375.134300,0,0,0,0
408,1773098459437.138600,0,0,0,0
409,1773098459501.713800,0,0,0,0
410,1773098459566.752000,0,0,0,0
411,1773098459631.324800,0,0,0,0
412,1773098459698.042000,0,0,0,0
413,1773098459759.965900,0,0,0,0
414,1773098459824.498800,0,0,0,0
415,1773098459888.733600,0,0,0,0
416,1773098459953.065600,0,0,0,0
417,1773098460017.526800,0,0,0,0
418,1773098460082.295700,0,0,0,0
419,1773098460146.945700,0,0,0,0
420,1773098460214.157900,0,0,0,0
421,1773098460276.227900,0,0,0,0
422,1773098460341.509400,0,0,0,0
423,1773098460404.663200,1,1,1,0
424,1773098460468.949800,1,1,1,0
425,1773098460537.182800,1,1,1,0
426,1773098460598.564200,0,0,0,0
427,1773098460662.479800,0,0,0,0
428,1773098460729.548200,0,0,0,0
429,1773098460791.713100,0,0,0,0
430,1773098460855.683300,0,0,0,0
431,1773098460919.915800,0,0,0,0
432,1773098460984.662600,0,0,0,0
433,1773098461049.579000,0,0,0,0
434,1773098461113.721800,0,0,0,0
435,1773098461179.813800,0,0,0,0
436,1773098461242.423800,0,0,0,0
437,1773098461306.896500,0,0,0,0
438,1773098461371.102700,0,0,0,0
439,1773098461436.025100,0,0,0,0
440,1773098461500.599500,0,0,0,0
441,1773098461565.100800,0,0,0,0
442,1773098461630.122700,0,0,0,0
443,1773098461696.566200,0,0,0,0
444,1773098461759.999100,1,1,1,0
445,1773098461822.415500,1,1,1,0
446,1773098461886.938300,0,0,0,0
447,1773098461951.484200,0,0,0,0
448,1773098462016.099000,0,0,0,0
449,1773098462080.800000,0,0,0,0
450,1773098462146.507900,0,0,0,0
451,1773098462209.825300,0,0,0,0
452,1773098462273.776200,0,0,0,0
453,1773098462338.259500,0,0,0,0
454,1773098462402.712100,0,0,0,0
455,1773098462467.193200,0,0,0,0
456,1773098462532.046100,0,0,0,0
457,1773098462600.115900,0,0,0,0
458,1773098462661.466700,0,0,0,0
459,1773098462725.982600,0,0,0,0
460,1773098462790.147100,0,0,0,0
461,1773098462854.578200,0,0,0,0
462,1773098462919.116600,1,1,1,0
463,1773098462983.781200,1,1,1,0
464,1773098463050.371700,1,1,1,0
465,1773098463112.363100,0,0,0,0
466,1773098463178.551200,0,0,0,0
467,1773098463241.663000,0,0,0,0
468,1773098463305.514500,0,0,0,0
469,1773098463370.379200,0,0,0,0
470,1773098463435.313200,0,0,0,0
471,1773098463499.415900,0,0,0,0
472,1773098463564.102300,0,0,0,0
473,1773098463629.518300,0,0,0,0
474,1773098463693.573900,0,0,0,0
475,1773098463757.344900,0,0,0,0
476,1773098463821.352400,0,0,0,0
477,1773098463885.875200,0,0,0,0
478,1773098463950.653800,0,0,0,0
479,1773098464016.960300,0,0,0,0
480,1773098464080.005200,0,0,0,0
481,1773098464144.344800,0,0,0,0
482,1773098464208.294200,1,1,1,0
483,1773098464272.167600,1,1,1,0
484,1773098464337.229500,0,0,0,0
485,1773098464402.287800,0,0,0,0
486,1773098464469.162900,0,0,0,0
487,1773098464530.500600,0,0,0,0
488,1773098464596.250800,0,0,0,0
489,1773098464659.466400,0,0,0,0
490,1773098464724.287600,0,0,0,0
491,1773098464787.842200,0,0,0,0
492,1773098464852.771400,0,0,0,0
493,1773098464917.480100,0,0,0,0
494,1773098464983.536100,0,0,0,0
495,1773098465045.799900,0,0,0,0
496,1773098465111.288500,0,0,0,0
497,1773098465175.263700,0,0,0,0
498,1773098465239.054200,0,0,0,0
499,1773098465303.521700,0,0,0,0
500,1773098465368.651400,1,1,1,0
501,1773098465434.956400,1,1,1,0
502,1773098465497.924900,0,0,0,0
503,1773098465564.055400,0,0,0,0
504,1773098465626.508800,0,0,0,0
505,1773098465690.588200,0,0,0,0
506,1773098465756.233100,0,0,0,0
507,1773098465820.063400,0,0,0,0
508,1773098465884.134400,0,0,0,0
509,1773098465950.763000,0,0,0,0
510,1773098466013.053500,0,0,0,0
511,1773098466077.715900,0,0,0,0
512,1773098466142.273500,0,0,0,0
513,1773098466205.778300,0,0,0,0
514,1773098466271.118900,0,0,0,0
515,1773098466335.751600,0,0,0,0
516,1773098466401.901100,0,0,0,0
517,1773098466464.076900,0,0,0,0
518,1773098466528.784300,0,0,0,0
519,1773098466592.857300,1,1,1,0
520,1773098466657.276900,1,1,1,0
521,1773098466721.656500,1,1,1,0
522,1773098466786.583200,1,1,1,1
523,1773098466853.320500,1,1,1,1
524,1773098466915.151800,0,0,0,1
525,1773098466979.839200,0,0,0,1
526,1773098467044.084700,0,0,0,1
527,1773098467108.633000,0,0,0,1
528,1773098467173.050500,0,0,0,1
529,1773098467238.484100,0,0,0,1
530,1773098467302.126700,0,0,0,1
531,1773098467370.856900,0,0,0,1
532,1773098467431.245600,0,0,0,1
533,1773098467495.324700,0,0,0,1
534,1773098467559.602000,0,0,0,1
535,1773098467624.251700,0,0,0,1
536,1773098467689.398600,0,0,0,1
537,1773098467752.988400,1,1,1,1
538,1773098467819.714800,1,1,1,1
539,1773098467882.035500,0,0,0,1
540,1773098467947.017800,0,0,0,1
541,1773098468010.786600,0,0,0,1
542,1773098468074.889300,0,0,0,1
543,1773098468140.041900,0,0,0,1
544,1773098468206.571800,0,0,0,1
545,1773098468271.219400,0,0,0,1
546,1773098468333.332600,0,0,0,1
547,1773098468397.693500,0,0,0,1
548,1773098468463.419300,0,0,0,1
549,1773098468526.257100,0,0,0,1
550,1773098468591.189000,0,0,0,1
551,1773098468657.527600,0,0,0,1
552,1773098468720.015100,0,0,0,1
553,1773098468785.815600,0,0,0,1
554,1773098468848.402800,0,0,0,1
555,1773098468912.930800,1,1,1,1
556,1773098468977.951500,1,1,1,1
557,1773098469042.510300,1,1,1,1
558,1773098469107.209700,0,0,0,1
559,1773098469173.002000,0,0,0,1
560,1773098469235.809200,0,0,0,1
561,1773098469300.128200,0,0,0,1
562,1773098469364.678700,0,0,0,1
563,1773098469429.729900,0,0,0,1
564,1773098469493.027500,0,0,0,1
565,1773098469558.397800,0,0,0,1
566,1773098469622.117000,0,0,0,1
567,1773098469689.610800,0,0,0,1
568,1773098469751.006900,0,0,0,1
569,1773098469815.496100,0,0,0,1
570,1773098469881.391200,0,0,0,1
571,1773098469945.149300,0,0,0,1
572,1773098470009.553300,0,0,0,1
573,1773098470073.666500,0,0,0,1
574,1773098470141.142700,0,0,0,1
575,1773098470202.521000,1,1,1,1
576,1773098470266.974400,1,1,1,1
577,1773098470331.456900,0,0,0,1
578,1773098470395.849700,0,0,0,1
579,1773098470462.913000,0,0,0,1
580,1773098470529.772400,0,0,0,1
581,1773098470589.951000,0,0,0,1
582,1773098470653.672100,0,0,0,1
583,1773098470718.182600,0,0,0,1
584,1773098470782.174300,0,0,0,1
585,1773098470846.845900,0,0,0,0
586,1773098470912.406600,0,0,0,0
587,1773098470978.796100,0,0,0,0
588,1773098471040.714300,0,0,0,0
589,1773098471105.707500,0,0,0,0
590,1773098471170.052700,0,0,0,0
591,1773098471234.258400,0,0,0,0
592,1773098471298.895400,0,0,0,0
593,1773098471363.571400,1,1,1,0
594,1773098471428.118200,1,1,1,0
595,1773098471492.292300,0,0,0,0
596,1773098471556.772500,0,0,0,0
597,1773098471623.421600,0,0,0,0
598,1773098471687.494000,0,0,0,0
599,1773098471750.333100,0,0,0,0
600,1773098471815.390200,0,0,0,0
601,1773098471878.839900,0,0,0,0
602,1773098471945.869800,0,0,0,0
603,1773098472008.066900,0,0,0,0
604,1773098472072.564800,0,0,0,0
605,1773098472138.841000,0,0,0,0
606,1773098472201.419900,0,0,0,0
607,1773098472266.972900,0,0,0,0
608,1773098472329.970600,0,0,0,0
609,1773098472394.236700,0,0,0,0
610,1773098472459.446600,1,1,1,0
611,1773098472524.569000,1,1,1,0
612,1773098472588.820700,1,1,1,0
613,1773098472655.005800,1,1,1,0
614,1773098472717.436800,0,0,0,0
615,1773098472782.435400,0,0,0,0
616,1773098472845.855300,0,0,0,0
617,1773098472910.343900,0,0,0,0
618,1773098472975.237100,0,0,0,0
619,1773098473041.045300,0,0,0,0
620,1773098473106.456200,0,0,0,0
621,1773098473169.698900,0,0,0,0
622,1773098473232.782000,0,0,0,0
623,1773098473296.907900,0,0,0,0
624,1773098473361.639300,0,0,0,0
625,1773098473426.250500,0,0,0,0
626,1773098473490.615200,0,0,0,0
627,1773098473556.849000,1,1,1,0
628,1773098473619.171100,0,0,0,0
629,1773098473685.074600,1,1,1,0
630,1773098473747.877600,0,0,0,0
631,1773098473812.137900,0,0,0,0
632,1773098473876.855000,0,0,0,0
633,1773098473943.845900,0,0,0,0
634,1773098474005.762800,0,0,0,0
635,1773098474071.273900,0,0,0,0
636,1773098474134.931900,0,0,0,0
637,1773098474199.450300,0,0,0,0
638,1773098474263.504600,0,0,0,0
639,1773098474328.649100,0,0,0,0
640,1773098474393.044700,0,0,0,0
641,1773098474457.676500,0,0,0,0
642,1773098474524.659800,0,0,0,0
643,1773098474586.492600,0,0,0,0
644,1773098474651.428100,0,0,0,0
645,1773098474716.662500,0,0,0,0
646,1773098474780.078200,0,0,0,0
647,1773098474844.221200,0,0,0,0
648,1773098474908.851800,1,1,1,0
649,1773098474975.459400,1,1,1,0
650,1773098475038.008900,0,0,0,0
651,1773098475102.101200,0,0,0,0
652,1773098475167.030200,0,0,0,0
653,1773098475231.610600,0,0,0,0
654,1773098475295.335100,0,0,0,0
655,1773098475360.545600,0,0,0,0
656,1773098475427.423500,0,0,0,0
657,1773098475491.154600,0,0,0,0
658,1773098475555.589800,0,0,0,0
659,1773098475618.138700,0,0,0,0
660,1773098475682.482700,0,0,0,0
661,1773098475746.503600,0,0,0,0
662,1773098475811.578100,0,0,0,0
663,1773098475875.687200,0,0,0,0
664,1773098475941.955100,0,0,0,0
665,1773098476004.738200,0,0,0,0
666,1773098476070.529900,0,0,0,0
667,1773098476133.487300,1,1,1,0
668,1773098476198.087300,1,1,1,0
669,1773098476262.216500,0,0,0,0
670,1773098476327.296200,0,0,0,0
671,1773098476391.415700,0,0,0,0
672,1773098476459.032000,0,0,0,0
673,1773098476520.730500,0,0,0,0
674,1773098476584.708100,0,0,0,0
675,1773098476648.910000,0,0,0,0
676,1773098476713.580000,0,0,0,0
677,1773098476778.567300,0,0,0,0
678,1773098476844.908300,0,0,0,0
679,1773098476906.811400,0,0,0,0
680,1773098476972.684400,0,0,0,0
681,1773098477035.950600,0,0,0,0
682,1773098477100.096200,0,0,0,0
683,1773098477164.347300,0,0,0,0
684,1773098477229.661400,0,0,0,0
685,1773098477293.940100,0,0,0,0
686,1773098477358.744600,0,0,0,0
687,1773098477422.812600,1,1,1,0
688,1773098477487.309600,1,1,1,0
689,1773098477551.630200,0,0,0,0
690,1773098477615.563600,0,0,0,0
691,1773098477682.502700,0,0,0,0
692,1773098477744.974900,0,0,0,0
693,1773098477809.351100,0,0,0,0
694,1773098477873.960600,0,0,0,0
695,1773098477938.834300,0,0,0,0
696,1773098478002.840000,0,0,0,0
697,1773098478068.990200,0,0,0,0
698,1773098478132.498800,0,0,0,0
699,1773098478196.096800,0,0,0,0
700,1773098478260.461400,0,0,0,0
701,1773098478324.592900,0,0,0,0
702,1773098478390.533400,0,0,0,0
703,1773098478457.595700,1,1,1,1
704,1773098478518.128200,0,0,0,1
705,1773098478582.521300,0,0,0,1
706,1773098478647.377100,0,0,0,1
707,1773098478711.889300,0,0,0,1
708,1773098478775.826500,0,0,0,1
709,1773098478840.837100,0,0,0,1
710,1773098478907.637800,0,0,0,1
711,1773098478970.081100,0,0,0,1
712,1773098479034.884400,0,0,0,1
713,1773098479097.817800,0,0,0,1
714,1773098479162.431400,0,0,0,1
715,1773098479227.022000,0,0,0,1
716,1773098479292.100200,0,0,0,1
717,1773098479358.637600,0,0,0,1
718,1773098479420.748300,0,0,0,1
719,1773098479484.445100,1,1,1,1
720,1773098479549.035000,1,1,1,1
721,1773098479613.430700,0,0,0,1
722,1773098479678.039100,0,0,0,1
723,1773098479745.671600,0,0,0,1
724,1773098479806.738200,0,0,0,1
725,1773098479873.868900,0,0,0,1
726,1773098479935.689200,0,0,0,1
727,1773098480000.079400,0,0,0,1
728,1773098480064.418500,0,0,0,1
729,1773098480129.604300,0,0,0,1
730,1773098480193.773800,0,0,0,1
731,1773098480260.153500,0,0,0,1
732,1773098480322.632600,0,0,0,1
733,1773098480387.159800,0,0,0,1
734,1773098480451.153000,0,0,0,1
735,1773098480515.957700,0,0,0,1
736,1773098480581.001300,0,0,0,1
737,1773098480645.138700,1,1,1,1
738,1773098480709.614300,1,1,1,1
739,1773098480776.511200,1,1,1,1
740,1773098480838.485400,0,0,0,1
741,1773098480902.550400,0,0,0,1
742,1773098480966.827500,0,0,0,1
743,1773098481032.734700,0,0,0,1
744,1773098481096.188200,0,0,0,1
745,1773098481160.861400,0,0,0,1
746,1773098481224.922200,0,0,0,1
747,1773098481291.558400,0,0,0,1
748,1773098481353.691400,0,0,0,1
749,1773098481419.271300,0,0,0,1
750,1773098481482.637800,0,0,0,1
751,1773098481547.310600,0,0,0,1
752,1773098481611.802100,0,0,0,1
753,1773098481676.323600,1,1,1,1
754,1773098481741.229400,1,1,1,1
755,1773098481805.468800,0,0,0,1
756,1773098481869.658800,0,0,0,1
757,1773098481935.161500,0,0,0,1
758,1773098481998.501100,0,0,0,1
759,1773098482062.687800,0,0,0,1
760,1773098482127.292800,0,0,0,1
761,1773098482191.865700,0,0,0,1
762,1773098482256.285100,0,0,0,1
763,1773098482324.089700,0,0,0,1
764,1773098482386.459100,0,0,0,1
765,1773098482450.040800,0,0,0,1
766,1773098482514.703100,0,0,0,0
767,1773098482579.401500,0,0,0,0
768,1773098482643.780000,0,0,0,0
769,1773098482709.288300,0,0,0,0
770,1773098482774.690900,0,0,0,0
771,1773098482837.727200,1,1,1,0
772,1773098482902.223300,1,1,1,0
773,1773098482966.326600,0,0,0,0
774,1773098483030.801100,0,0,0,0
775,1773098483095.101500,0,0,0,0
776,1773098483159.945400,0,0,0,0
777,1773098483225.269300,0,0,0,0
778,1773098483288.950700,0,0,0,0
779,1773098483355.771400,0,0,0,0
780,1773098483418.200800,0,0,0,0
781,1773098483481.926900,0,0,0,0
782,1773098483546.647300,0,0,0,0
783,1773098483611.455700,0,0,0,0
784,1773098483675.753300,0,0,0,0
785,1773098483741.036300,0,0,0,0
786,1773098483805.254800,0,0,0,0
787,1773098483871.574800,1,1,1,0
788,1773098483933.330300,1,1,1,0
789,1773098483998.115500,1,1,1,0
790,1773098484062.551200,0,0,0,0
791,1773098484126.774400,0,0,0,0
792,1773098484192.381800,0,0,0,0
793,1773098484258.843700,0,0,0,0
794,1773098484321.997500,0,0,0,0
795,1773098484385.076000,0,0,0,0
796,1773098484449.291100,0,0,0,0
797,1773098484513.656600,0,0,0,0
798,1773098484578.241500,0,0,0,0
799,1773098484643.137200,0,0,0,0
800,1773098484708.018800,0,0,0,0
801,1773098484773.513500,0,0,0,0
802,1773098484836.077100,0,0,0,0
803,1773098484900.596900,0,0,0,0
804,1773098484965.198600,0,0,0,0
805,1773098485029.888600,1,1,1,0
806,1773098485094.051200,1,1,1,0
807,1773098485159.042500,0,0,0,0
808,1773098485225.826200,1,1,1,0
809,1773098485287.504400,0,0,0,0
810,1773098485351.968300,0,0,0,0
811,1773098485416.658300,0,0,0,0
812,1773098485481.217600,0,0,0,0
813,1773098485547.881700,0,0,0,0
814,1773098485611.840300,0,0,0,0
815,1773098485674.950600,0,0,0,0
816,1773098485742.606800,0,0,0,0
817,1773098485803.530700,0,0,0,0
818,1773098485867.937200,0,0,0,0
819,1773098485932.476700,0,0,0,0
820,1773098485996.642300,0,0,0,0
821,1773098486061.601900,0,0,0,0
822,1773098486125.791000,1,1,1,0
823,1773098486192.606800,1,1,1,0
824,1773098486255.688300,1,1,1,0
825,1773098486318.828700,1,1,1,0
826,1773098486383.761500,0,0,0,0
827,1773098486448.179500,0,0,0,0
828,1773098486512.361800,0,0,0,0
829,1773098486579.359100,0,0,0,0
830,1773098486642.244400,0,0,0,0
831,1773098486705.590400,0,0,0,0
832,1773098486770.293600,0,0,0,0
833,1773098486834.433800,0,0,0,0
834,1773098486899.157500,0,0,0,0
835,1773098486964.513200,0,0,0,0
836,1773098487028.534200,0,0,0,0
837,1773098487093.949100,0,0,0,0
838,1773098487157.551400,0,0,0,0
839,1773098487221.830900,0,0,0,0
840,1773098487286.208500,0,0,0,0
841,1773098487352.440200,0,0,0,0
842,1773098487415.452000,0,0,0,0
843,1773098487480.029100,0,0,0,0
844,1773098487545.274800,0,0,0,0
845,1773098487608.658100,1,1,1,0
846,1773098487673.428600,1,1,1,0
847,1773098487737.486300,0,0,0,0
848,1773098487802.574700,0,0,0,0
849,1773098487867.224600,0,0,0,0
850,1773098487932.622000,0,0,0,0
851,1773098487997.687100,0,0,0,0
852,1773098488060.052200,0,0,0,0
853,1773098488124.851000,0,0,0,0
854,1773098488189.028300,0,0,0,0
855,1773098488253.842900,0,0,0,0
856,1773098488318.098600,0,0,0,0
857,1773098488382.712700,0,0,0,0
858,1773098488446.967200,0,0,0,0
859,1773098488515.622100,0,0,0,0
860,1773098488577.373600,0,0,0,0
861,1773098488642.426100,0,0,0,0
862,1773098488706.181100,0,0,0,0
863,1773098488770.662300,1,1,1,1
864,1773098488836.642100,1,1,1,1
865,1773098488902.156400,1,1,1,1
866,1773098488963.836200,0,0,0,1
867,1773098489028.244300,0,0,0,1
868,1773098489092.754900,0,0,0,1
869,1773098489157.337900,0,0,0,1
870,1773098489222.012600,0,0,0,1
871,1773098489286.316000,0,0,0,1
872,1773098489352.419800,0,0,0,1
873,1773098489415.024200,0,0,0,1
874,1773098489479.489800,0,0,0,1
875,1773098489543.839100,0,0,0,1
876,1773098489608.753900,0,0,0,1
877,1773098489672.461300,0,0,0,1
878,1773098489737.676700,0,0,0,1
879,1773098489803.620400,0,0,0,1
880,1773098489866.795800,0,0,0,1
881,1773098489931.870200,1,1,1,1
882,1773098489995.449800,1,1,1,1
883,1773098490060.027200,0,0,0,1
884,1773098490123.678100,0,0,0,1
885,1773098490188.768200,0,0,0,1
886,1773098490252.846900,0,0,0,1
887,1773098490317.623400,0,0,0,1
888,1773098490383.797800,0,0,0,1
889,1773098490446.550900,0,0,0,1
890,1773098490513.887200,0,0,0,1
891,1773098490579.654100,0,0,0,1
892,1773098490643.792500,0,0,0,1
893,1773098490707.507000,0,0,0,1
894,1773098490772.053200,0,0,0,1
895,1773098490836.421100,0,0,0,1
896,1773098490902.027200,0,0,0,1
897,1773098490966.928300,0,0,0,1
898,1773098491029.800500,0,0,0,1
899,1773098491093.847700,0,0,0,1
900,1773098491158.803000,0,0,0,1
901,1773098491222.328400,1,1,1,1
902,1773098491287.665400,1,1,1,1
903,1773098491352.143900,1,1,1,1
904,1773098491416.290200,0,0,0,1
905,1773098491483.498100,0,0,0,1
906,1773098491545.835700,0,0,0,1
907,1773098491609.579000,0,0,0,1
908,1773098491673.682900,0,0,0,1
909,1773098491738.393100,0,0,0,1
910,1773098491803.204000,0,0,0,1
911,1773098491867.830800,0,0,0,1
912,1773098491931.855700,0,0,0,1
913,1773098491996.274400,0,0,0,1
914,1773098492061.265600,0,0,0,1
915,1773098492126.889600,0,0,0,1
916,1773098492189.475100,0,0,0,1
917,1773098492255.659400,0,0,0,1
918,1773098492318.662900,0,0,0,1
919,1773098492382.781400,0,0,0,1
920,1773098492447.321700,1,1,1,1
921,1773098492511.979800,1,1,1,1
922,1773098492576.116900,0,0,0,1
923,1773098492643.608600,0,0,0,1
924,1773098492705.515300,0,0,0,1
925,1773098492770.141100,0,0,0,1
926,1773098492834.164000,0,0,0,0
927,1773098492898.354700,0,0,0,0
928,1773098492962.874900,0,0,0,0
929,1773098493027.590200,0,0,0,0
930,1773098493093.485300,0,0,0,0
931,1773098493157.182000,0,0,0,0
932,1773098493220.445800,0,0,0,0
933,1773098493284.882200,0,0,0,0
934,1773098493349.465000,0,0,0,0
935,1773098493414.611000,0,0,0,0
936,1773098493480.868500,0,0,0,0
937,1773098493542.926900,0,0,0,0
938,1773098493607.963000,0,0,0,0
939,1773098493671.592400,0,0,0,0
940,1773098493736.076200,1,1,1,0
941,1773098493800.704900,0,0,0,0
942,1773098493865.234500,0,0,0,0
943,1773098493929.941700,0,0,0,0
944,1773098493994.844500,0,0,0,0
945,1773098494061.045500,0,0,0,0
946,1773098494122.713600,0,0,0,0
947,1773098494187.689100,0,0,0,0
948,1773098494251.889700,0,0,0,0
949,1773098494316.531300,0,0,0,0
950,1773098494380.828600,0,0,0,0
951,1773098494446.102500,0,0,0,0
952,1773098494511.917800,0,0,0,0
953,1773098494573.859700,0,0,0,0
954,1773098494640.860400,0,0,0,0
955,1773098494702.955700,1,1,1,0
956,1773098494767.459400,1,1,1,0
957,1773098494831.712500,0,0,0,0
958,1773098494897.253400,0,0,0,0
959,1773098494961.925800,0,0,0,0
960,1773098495025.934500,0,0,0,0
961,1773098495089.978600,0,0,0,0
962,1773098495156.903400,0,0,0,0
963,1773098495218.919500,0,0,0,0
964,1773098495283.382300,0,0,0,0
965,1773098495347.784400,0,0,0,0
966,1773098495412.551900,0,0,0,0
967,1773098495477.313500,0,0,0,0
968,1773098495544.016500,0,0,0,0
969,1773098495605.658200,0,0,0,0
970,1773098495670.152500,0,0,0,0
971,1773098495734.346300,0,0,0,0
972,1773098495798.790300,0,0,0,0
973,1773098495863.292200,0,0,0,0
974,1773098495928.539200,0,0,0,0
975,1773098495994.504000,0,0,0,0
976,1773098496057.000700,1,1,1,0
977,1773098496121.328400,1,1,1,0
978,1773098496186.208100,1,1,1,0
979,1773098496250.274000,0,0,0,0
980,1773098496314.924700,0,0,0,0
981,1773098496379.981500,0,0,0,0
982,1773098496445.739600,0,0,0,0
983,1773098496508.548600,0,0,0,0
984,1773098496572.612900,0,0,0,0
985,1773098496637.210500,0,0,0,0
986,1773098496702.103200,0,0,0,0
987,1773098496766.124000,0,0,0,0
988,1773098496831.230400,0,0,0,0
989,1773098496897.610800,0,0,0,0
990,1773098496959.491700,0,0,0,0
991,1773098497024.958000,0,0,0,0
992,1773098497087.992200,0,0,0,0
993,1773098497152.402200,1,1,1,0
994,1773098497217.225600,1,1,1,0
995,1773098497283.016800,1,1,1,0
996,1773098497346.283400,0,0,0,0
997,1773098497411.529600,0,0,0,0
998,1773098497476.509700,0,0,0,0
999,1773098497539.413400,0,0,0,0
1000,1773098497603.785400,0,0,0,0
1001,1773098497668.220100,0,0,0,0
1002,1773098497733.158800,0,0,0,0
1003,1773098497798.209800,0,0,0,0
1004,1773098497863.552900,0,0,0,0
1005,1773098497927.454600,0,0,0,0
1006,1773098497991.858600,0,0,0,0
1007,1773098498054.611200,0,0,0,0
1008,1773098498119.115900,0,0,0,0
1009,1773098498183.995800,0,0,0,0
1010,1773098498248.808200,0,0,0,0
1011,1773098498315.448900,0,0,0,0
1012,1773098498377.225300,1,1,1,0
1013,1773098498441.401800,1,1,1,0
1014,1773098498506.110200,1,1,1,0
1015,1773098498570.324900,0,0,0,0
1016,1773098498634.756000,0,0,0,0
1017,1773098498700.046800,0,0,0,0
1018,1773098498766.919300,0,0,0,0
1019,1773098498827.862200,0,0,0,0
1020,1773098498892.723300,0,0,0,0
1021,1773098498957.309400,0,0,0,0
1022,1773098499021.721000,0,0,0,0
1023,1773098499085.919200,0,0,0,0
1024,1773098499151.208600,0,0,0,0
1025,1773098499215.961700,0,0,0,0
1026,1773098499281.946300,0,0,0,0
1027,1773098499344.274600,0,0,0,0
1028,1773098499408.267700,0,0,0,0
1029,1773098499473.150500,0,0,0,0
1030,1773098499537.371900,0,0,0,0
1031,1773098499603.807100,0,0,0,0
1032,1773098499666.703900,1,1,1,0
1033,1773098499733.348100,1,1,1,0
1034,1773098499794.611600,0,0,0,0
1035,1773098499860.346800,0,0,0,0
1036,1773098499923.394100,0,0,0,0
1037,1773098499988.070100,0,0,0,0
1038,1773098500052.383600,0,0,0,0
1039,1773098500118.065200,0,0,0,0
1040,1773098500182.523100,0,0,0,0
1041,1773098500248.081000,0,0,0,0
1042,1773098500310.193600,0,0,0,0
1043,1773098500375.596300,0,0,0,0
1044,1773098500439.257400,0,0,0,0
1045,1773098500503.606800,0,0,0,0
1046,1773098500570.145800,0,0,0,0
1047,1773098500634.030000,0,0,0,0
1048,1773098500697.853200,0,0,0,0
1049,1773098500763.636200,0,0,0,0
1050,1773098500827.003600,0,0,0,0
1051,1773098500890.723100,0,0,0,0
1052,1773098500955.163200,1,1,1,1
1053,1773098501019.178400,0,0,0,1
1054,1773098501084.324400,0,0,0,1
1055,1773098501149.359500,0,0,0,1
1056,1773098501214.759000,0,0,0,1
1057,1773098501277.517400,0,0,0,1
1058,1773098501341.656300,0,0,0,1
1059,1773098501406.144900,0,0,0,1
1060,1773098501470.881700,0,0,0,1
1061,1773098501536.364600,0,0,0,1
1062,1773098501600.538600,0,0,0,1
1063,1773098501666.228400,0,0,0,1
1064,1773098501729.164900,0,0,0,1
1065,1773098501794.053600,0,0,0,1
1066,1773098501857.324300,0,0,0,1
1067,1773098501921.835500,0,0,0,1
1068,1773098501986.349900,1,1,1,1
1069,1773098502051.326500,1,1,1,1
1070,1773098502115.123000,0,0,0,1
1071,1773098502181.803300,0,0,0,1
1072,1773098502244.096500,0,0,0,1
1073,1773098502308.778000,0,0,0,1
1074,1773098502373.249700,0,0,0,1
1075,1773098502437.584700,0,0,0,1
1076,1773098502502.417900,0,0,0,1
1077,1773098502566.850000,0,0,0,1
1078,1773098502630.988500,0,0,0,1
1079,1773098502696.663700,0,0,0,1
1080,1773098502759.866200,0,0,0,1
1081,1773098502824.304300,0,0,0,1
1082,1773098502890.437500,0,0,0,1
1083,1773098502953.225500,0,0,0,1
1084,1773098503017.998800,1,1,1,1
1085,1773098503082.170900,1,1,1,1
1086,1773098503148.683200,1,1,1,1
1087,1773098503211.215000,1,1,1,1
1088,1773098503276.704200,1,1,1,1
1089,1773098503339.717200,0,0,0,1
1090,1773098503404.181900,0,0,0,1
1091,1773098503469.269000,0,0,0,1
1092,1773098503533.478800,0,0,0,1
1093,1773098503597.871100,0,0,0,1
1094,1773098503662.640200,0,0,0,1
1095,1773098503727.995400,0,0,0,1
1096,1773098503790.887600,0,0,0,1
1097,1773098503856.494900,0,0,0,1
1098,1773098503921.927900,0,0,0,1
1099,1773098503985.404900,0,0,0,1
1100,1773098504050.153900,0,0,0,1
1101,1773098504114.580200,0,0,0,1
1102,1773098504181.699200,0,0,0,1
1103,1773098504244.221300,0,0,0,1
1104,1773098504308.183900,0,0,0,1
1105,1773098504372.632500,1,1,1,1
1106,1773098504437.265000,1,1,1,1
1107,1773098504501.770100,0,0,0,1
1108,1773098504566.307500,0,0,0,1
1109,1773098504633.889700,0,0,0,1
1110,1773098504695.274200,0,0,0,1
1111,1773098504761.650300,0,0,0,1
1112,1773098504823.566900,0,0,0,1
1113,1773098504888.047100,0,0,0,1
1114,1773098504953.901700,0,0,0,1
1115,1773098505018.113900,0,0,0,0
1116,1773098505082.378400,0,0,0,0
1117,1773098505149.124200,0,0,0,0
1118,1773098505211.416700,0,0,0,0
1119,1773098505275.173000,0,0,0,0
1120,1773098505339.731300,0,0,0,0
1121,1773098505404.644800,0,0,0,0
1122,1773098505468.803800,1,1,1,0
1123,1773098505533.662500,1,1,1,0
1124,1773098505600.988400,1,1,1,0
1125,1773098505664.558100,1,1,1,0
1126,1773098505726.617000,0,0,0,0
1127,1773098505790.720700,0,0,0,0
1128,1773098505855.182100,0,0,0,0
1129,1773098505920.408000,0,0,0,0
1130,1773098505984.876300,0,0,0,0
1131,1773098506050.774000,0,0,0,0
1132,1773098506113.336800,0,0,0,0
